{"mean_average_precision_at_r": 0.6473203958360108, "loss": 0.3034442663192749}