{"mean_average_precision_at_r": 0.6227734224392751, "loss": 0.3101622462272644}