{"mean_average_precision_at_r": 0.5120935612389153, "loss": 0.35147225856781006}