{"mean_average_precision_at_r": 0.4559054106156021, "loss": 0.3800555467605591}