{"mean_average_precision_at_r": 0.5827014522554942, "loss": 0.30854538083076477}