{"loss": 0.09819743528366089, "accuracy": 0.96765}