{"loss": 0.09597085270285606, "accuracy": 0.96745}