{"loss": 0.5359720207691193, "accuracy": 0.70865}