{"loss": 0.09309559018793516, "accuracy": 0.97335}