{"loss": 0.08035107799968683, "accuracy": 0.97555}