{"loss": 0.09066035928949713, "accuracy": 0.97205}