{"mean_average_precision_at_r": 0.8351625755044338, "loss": 0.5361828207969666}