{"mean_average_precision_at_r": 0.8241100115666367, "loss": 0.3942667841911316}