{"mean_average_precision_at_r": 0.8253694897828042, "loss": 0.43330931663513184}