{"mean_average_precision_at_r": 0.8145225549415243, "loss": 0.6806526184082031}