{"mean_average_precision_at_r": 0.8343400591183653, "loss": 0.5735834836959839}