{"mean_average_precision_at_r": 0.6113096003084436, "loss": 0.48650601506233215}