{"mean_average_precision_at_r": 0.8277342243927516, "loss": 0.4029802680015564}