{"mean_average_precision_at_r": 0.7419868911450971, "loss": 1.1379321813583374}