{"mean_average_precision_at_r": 0.8359593882534379, "loss": 0.7096492648124695}