{"mean_average_precision_at_r": 0.8351882791414985, "loss": 0.31090831756591797}